0,xi,eta
1,0.036114,-0.006367
2,0.035928,-0.007428
3,0.035739,-0.008486
4,0.035553,-0.009544
5,0.035367,-0.010603
6,0.035181,-0.011661
7,0.034994,-0.012719
8,0.034806,-0.013778
9,0.034619,-0.014836
10,0.034433,-0.015894
11,0.034247,-0.016956
12,0.034061,-0.018014
13,0.033872,-0.019072
14,0.033686,-0.020131
15,0.0335,-0.021189
16,0.033314,-0.022247
17,0.033128,-0.023306
18,0.032939,-0.024364
19,0.035056,-0.006181
20,0.034867,-0.007239
21,0.034681,-0.008297
22,0.034494,-0.009358
23,0.034308,-0.010417
24,0.034122,-0.011475
25,0.033933,-0.012533
26,0.033747,-0.013592
27,0.033561,-0.01465
28,0.033375,-0.015708
29,0.033189,-0.016767
30,0.033,-0.017828
31,0.032814,-0.018886
32,0.032628,-0.019944
33,0.032442,-0.021003
34,0.032256,-0.022061
35,0.032067,-0.023119
36,0.031881,-0.024178
37,0.033997,-0.005994
38,0.033808,-0.007053
39,0.033622,-0.008111
40,0.033436,-0.009169
41,0.03325,-0.010228
42,0.033064,-0.011289
43,0.032875,-0.012347
44,0.032689,-0.013406
45,0.032503,-0.014464
46,0.032317,-0.015522
47,0.032131,-0.016581
48,0.031942,-0.017639
49,0.031756,-0.018697
50,0.031569,-0.019758
51,0.031383,-0.020817
52,0.031197,-0.021875
53,0.031008,-0.022933
54,0.030822,-0.023992
55,0.032936,-0.005808
56,0.03275,-0.006867
57,0.032564,-0.007925
58,0.032378,-0.008983
59,0.032192,-0.010042
60,0.032003,-0.0111
61,0.031817,-0.012161
62,0.031631,-0.013219
63,0.031444,-0.014278
64,0.031258,-0.015336
65,0.031069,-0.016394
66,0.030883,-0.017453
67,0.030697,-0.018511
68,0.030511,-0.019569
69,0.030325,-0.020628
70,0.030136,-0.021689
71,0.02995,-0.022747
72,0.029764,-0.023806
73,0.031878,-0.005622
74,0.031692,-0.006681
75,0.031506,-0.007739
76,0.031319,-0.008797
77,0.031131,-0.009856
78,0.030944,-0.010914
79,0.030758,-0.011972
80,0.030572,-0.013031
81,0.030386,-0.014092
82,0.030197,-0.01515
83,0.030011,-0.016208
84,0.029825,-0.017267
85,0.029639,-0.018325
86,0.029453,-0.019383
87,0.029264,-0.020442
88,0.029078,-0.0215
89,0.028892,-0.022561
90,0.028706,-0.023619
91,0.030819,-0.005433
92,0.030633,-0.006494
93,0.030447,-0.007553
94,0.030261,-0.008611
95,0.030072,-0.009669
96,0.029886,-0.010728
97,0.0297,-0.011786
98,0.029514,-0.012844
99,0.029328,-0.013903
100,0.029139,-0.014961
101,0.028953,-0.016022
102,0.028767,-0.017081
103,0.028581,-0.018139
104,0.028394,-0.019197
105,0.028206,-0.020256
106,0.028019,-0.021314
107,0.027833,-0.022372
108,0.027647,-0.023431
109,0.029761,-0.005247
110,0.029575,-0.006306
111,0.029389,-0.007364
112,0.0292,-0.008425
113,0.029014,-0.009483
114,0.028828,-0.010542
115,0.028642,-0.0116
116,0.028456,-0.012658
117,0.028267,-0.013717
118,0.028081,-0.014775
119,0.027894,-0.015833
120,0.027708,-0.016894
121,0.027522,-0.017953
122,0.027333,-0.019011
123,0.027147,-0.020069
124,0.026961,-0.021128
125,0.026775,-0.022186
126,0.026589,-0.023244
127,0.028703,-0.005061
128,0.028517,-0.006119
129,0.028331,-0.007178
130,0.028142,-0.008236
131,0.027956,-0.009294
132,0.027769,-0.010356
133,0.027583,-0.011414
134,0.027397,-0.012472
135,0.027208,-0.013531
136,0.027022,-0.014589
137,0.026836,-0.015647
138,0.02665,-0.016706
139,0.026464,-0.017764
140,0.026275,-0.018825
141,0.026089,-0.019883
142,0.025903,-0.020942
143,0.025717,-0.022
144,0.025531,-0.023058
145,0.027644,-0.004875
146,0.027458,-0.005933
147,0.027269,-0.006992
148,0.027083,-0.00805
149,0.026897,-0.009108
150,0.026711,-0.010167
151,0.026525,-0.011225
152,0.026336,-0.012286
153,0.02615,-0.013344
154,0.025964,-0.014403
155,0.025778,-0.015461
156,0.025592,-0.016519
157,0.025403,-0.017578
158,0.025217,-0.018636
159,0.025031,-0.019694
160,0.024844,-0.020756
161,0.024658,-0.021814
162,0.024469,-0.022872
163,0.026586,-0.004689
164,0.026397,-0.005747
165,0.026211,-0.006806
166,0.026025,-0.007864
167,0.025839,-0.008922
168,0.025653,-0.009981
169,0.025464,-0.011039
170,0.025278,-0.012097
171,0.025092,-0.013158
172,0.024906,-0.014217
173,0.024719,-0.015275
174,0.024531,-0.016333
175,0.024344,-0.017392
176,0.024158,-0.01845
177,0.023972,-0.019508
178,0.023786,-0.020567
179,0.023597,-0.021628
180,0.023411,-0.022686
181,0.025528,-0.0045
182,0.025339,-0.005558
183,0.025153,-0.006619
184,0.024967,-0.007678
185,0.024781,-0.008736
186,0.024594,-0.009794
187,0.024406,-0.010853
188,0.024219,-0.011911
189,0.024033,-0.012969
190,0.023847,-0.014028
191,0.023661,-0.015089
192,0.023472,-0.016147
193,0.023286,-0.017206
194,0.0231,-0.018264
195,0.022914,-0.019322
196,0.022728,-0.020381
197,0.022539,-0.021439
198,0.022353,-0.022497
199,0.024467,-0.004314
200,0.024281,-0.005372
201,0.024094,-0.006431
202,0.023908,-0.007492
203,0.023722,-0.00855
204,0.023533,-0.009608
205,0.023347,-0.010667
206,0.023161,-0.011725
207,0.022975,-0.012783
208,0.022789,-0.013842
209,0.0226,-0.0149
210,0.022414,-0.015958
211,0.022228,-0.017019
212,0.022042,-0.018078
213,0.021856,-0.019136
214,0.021667,-0.020194
215,0.021481,-0.021253
216,0.021294,-0.022311
217,0.023408,-0.004128
218,0.023222,-0.005186
219,0.023036,-0.006244
220,0.02285,-0.007303
221,0.022664,-0.008361
222,0.022475,-0.009422
223,0.022289,-0.010481
224,0.022103,-0.011539
225,0.021917,-0.012597
226,0.021731,-0.013656
227,0.021542,-0.014714
228,0.021356,-0.015772
229,0.021169,-0.016831
230,0.020983,-0.017892
231,0.020797,-0.01895
232,0.020608,-0.020008
233,0.020422,-0.021067
234,0.020236,-0.022125
235,0.02235,-0.003942
236,0.022164,-0.005
237,0.021978,-0.006058
238,0.021792,-0.007117
239,0.021603,-0.008175
240,0.021417,-0.009233
241,0.021231,-0.010292
242,0.021044,-0.011353
243,0.020858,-0.012411
244,0.020669,-0.013469
245,0.020483,-0.014528
246,0.020297,-0.015586
247,0.020111,-0.016644
248,0.019925,-0.017703
249,0.019736,-0.018761
250,0.01955,-0.019822
251,0.019364,-0.020881
252,0.019178,-0.021939
253,0.021292,-0.003756
254,0.021106,-0.004814
255,0.020919,-0.005872
256,0.020731,-0.006931
257,0.020544,-0.007989
258,0.020358,-0.009047
259,0.020172,-0.010106
260,0.019986,-0.011164
261,0.019797,-0.012225
262,0.019611,-0.013283
263,0.019425,-0.014342
264,0.019239,-0.0154
265,0.019053,-0.016458
266,0.018864,-0.017517
267,0.018678,-0.018575
268,0.018492,-0.019633
269,0.018306,-0.020692
270,0.018119,-0.021753
271,0.020233,-0.003567
272,0.020047,-0.004625
273,0.019861,-0.005686
274,0.019672,-0.006744
275,0.019486,-0.007803
276,0.0193,-0.008861
277,0.019114,-0.009919
278,0.018928,-0.010978
279,0.018739,-0.012036
280,0.018553,-0.013094
281,0.018367,-0.014156
282,0.018181,-0.015214
283,0.017994,-0.016272
284,0.017806,-0.017331
285,0.017619,-0.018389
286,0.017433,-0.019447
287,0.017247,-0.020506
288,0.017061,-0.021564
289,0.015151,-0.003267
290,0.014707,-0.00434
291,0.014878,-0.005567
292,0.014619,-0.006708
293,0.014497,-0.007813
294,0.014947,-0.008094
295,0.014072,-0.010162
296,0.013797,-0.011248
297,0.013544,-0.01241
298,0.013802,-0.013593
299,0.013242,-0.014695
300,0.012941,-0.015828
301,0.012717,-0.017029
302,0.013453,-0.016564
303,0.012531,-0.019328
304,0.011894,-0.020356
305,0.011181,-0.021495
306,0.012706,-0.020797
307,0.014587,-0.003133
308,0.014502,-0.004302
309,0.014309,-0.005447
310,0.014098,-0.006617
311,0.01388,-0.00769
312,0.013889,-0.007906
313,0.013383,-0.010013
314,0.013161,-0.011111
315,0.012916,-0.012311
316,0.011712,-0.013072
317,0.012489,-0.014554
318,0.0123,-0.01566
319,0.012049,-0.016873
320,0.012394,-0.016375
321,0.011545,-0.019166
322,0.011306,-0.020229
323,0.011122,-0.021474
324,0.011647,-0.020611
325,0.013615,-0.002881
326,0.013417,-0.004045
327,0.013248,-0.005194
328,0.013026,-0.006357
329,0.012802,-0.007447
330,0.012831,-0.007719
331,0.012366,-0.009726
332,0.012124,-0.010884
333,0.011831,-0.012034
334,0.011636,-0.013072
335,0.011431,-0.014247
336,0.011194,-0.015373
337,0.01096,-0.016582
338,0.011336,-0.016189
339,0.010436,-0.018882
340,0.01032,-0.020009
341,0.00949,-0.021057
342,0.010589,-0.020425
343,0.012585,-0.002658
344,0.012394,-0.003803
345,0.012183,-0.004965
346,0.011955,-0.006138
347,0.011737,-0.007254
348,0.011769,-0.007533
349,0.011377,-0.009478
350,0.011071,-0.010698
351,0.010818,-0.011784
352,0.010606,-0.012843
353,0.010403,-0.013948
354,0.010144,-0.015097
355,0.009885,-0.016293
356,0.010278,-0.016003
357,0.009286,-0.018577
358,0.009273,-0.019755
359,0.009118,-0.020924
360,0.009531,-0.020236
361,0.011484,-0.002426
362,0.011326,-0.003552
363,0.011177,-0.004702
364,0.010974,-0.005852
365,0.010696,-0.007028
366,0.010711,-0.007347
367,0.010242,-0.009222
368,0.010003,-0.010499
369,0.009767,-0.011562
370,0.009522,-0.012618
371,0.009275,-0.01373
372,0.009089,-0.014849
373,0.008872,-0.015964
374,0.009219,-0.015817
375,0.008501,-0.018368
376,0.008128,-0.019489
377,0.007844,-0.020666
378,0.006941,-0.021588
379,0.010479,-0.002245
380,0.010291,-0.003286
381,0.010081,-0.004492
382,0.009902,-0.005658
383,0.009657,-0.00687
384,0.009653,-0.007161
385,0.009223,-0.008984
386,0.008947,-0.010188
387,0.008706,-0.011386
388,0.008458,-0.012421
389,0.008215,-0.013499
390,0.008073,-0.014655
391,0.007828,-0.015828
392,0.008161,-0.015631
393,0.00736,-0.018109
394,0.007094,-0.019255
395,0.006871,-0.020509
396,0.006724,-0.021526
397,0.009474,-0.002013
398,0.00927,-0.003123
399,0.009095,-0.004268
400,0.008851,-0.005382
401,0.008567,-0.006637
402,0.008594,-0.006972
403,0.008105,-0.008761
404,0.007875,-0.009901
405,0.007639,-0.011155
406,0.007375,-0.012181
407,0.007154,-0.01328
408,0.006976,-0.014407
409,0.006758,-0.015578
410,0.0071,-0.015442
411,0.006222,-0.017848
412,0.006073,-0.018934
413,0.005759,-0.020266
414,0.006356,-0.019678
415,0.008514,-0.00175
416,0.008272,-0.002928
417,0.008083,-0.004054
418,0.007783,-0.005178
419,0.007458,-0.006341
420,0.007536,-0.006786
421,0.007033,-0.008526
422,0.006843,-0.00966
423,0.006598,-0.010864
424,0.006378,-0.011956
425,0.006161,-0.013055
426,0.005885,-0.014169
427,0.005698,-0.015371
428,0.006042,-0.015256
429,0.005208,-0.01762
430,0.005062,-0.01865
431,0.004732,-0.020035
432,0.005297,-0.019492
433,0.007403,-0.001566
434,0.007207,-0.002753
435,0.00701,-0.003811
436,0.00677,-0.005002
437,0.006494,-0.006098
438,0.006478,-0.0066
439,0.006005,-0.00834
440,0.005798,-0.009478
441,0.005546,-0.010605
442,0.005284,-0.011795
443,0.005069,-0.012905
444,0.004888,-0.014043
445,0.004654,-0.015142
446,0.004983,-0.015069
447,0.004318,-0.017415
448,0.003982,-0.018457
449,0.003702,-0.019761
450,0.004236,-0.019303
451,0.006359,-0.001275
452,0.006154,-0.002508
453,0.005883,-0.003595
454,0.00566,-0.00479
455,0.005413,-0.005916
456,0.005419,-0.006414
457,0.004985,-0.008107
458,0.004765,-0.009268
459,0.004538,-0.010373
460,0.004314,-0.011566
461,0.004088,-0.012689
462,0.003836,-0.013772
463,0.003546,-0.014853
464,0.003925,-0.014883
465,0.003199,-0.017137
466,0.002852,-0.018232
467,0.002579,-0.01938
468,0.003178,-0.019117
469,0.005339,-0.001023
470,0.005085,-0.002286
471,0.004841,-0.003449
472,0.004619,-0.004544
473,0.00434,-0.005739
474,0.004361,-0.006228
475,0.003951,-0.007916
476,0.003765,-0.009083
477,0.003545,-0.010165
478,0.003298,-0.011374
479,0.003048,-0.01246
480,0.002794,-0.013535
481,0.002596,-0.014609
482,0.002867,-0.014697
483,0.002104,-0.016886
484,0.001896,-0.017992
485,0.001602,-0.019253
486,0.002119,-0.018931
487,0.004255,-0.000881
488,0.004009,-0.002041
489,0.003804,-0.003274
490,0.003557,-0.00434
491,0.003333,-0.005479
492,0.0033,-0.006039
493,0.002948,-0.00765
494,0.002769,-0.008816
495,0.002521,-0.009984
496,0.002217,-0.01111
497,0.001975,-0.012186
498,0.001754,-0.013273
499,0.001559,-0.014355
500,0.001808,-0.014508
501,0.001111,-0.016628
502,0.000937,-0.017724
503,0.001247,-0.017686
504,0.001061,-0.018744
505,0.003171,-0.000663
506,0.002939,-0.001791
507,0.002741,-0.003004
508,0.002518,-0.004118
509,0.00227,-0.005201
510,0.002242,-0.005853
511,0.001981,-0.007453
512,0.001739,-0.008591
513,0.001477,-0.00976
514,0.001218,-0.010877
515,0.000964,-0.011926
516,0.000739,-0.013043
517,0.000495,-0.014159
518,0.00075,-0.014322
519,-0.000119,-0.01634
520,-0.000104,-0.017496
521,-0.000436,-0.018635
522,-0.000614,-0.019723
523,0.00216,-0.000417
524,0.001946,-0.001539
525,0.001738,-0.002689
526,0.001474,-0.003845
527,0.001288,-0.004891
528,0.001183,-0.005667
529,0.00094,-0.007237
530,0.000737,-0.008363
531,0.00044,-0.009496
532,0.000209,-0.01063
533,-4.1e-05,-0.011649
534,-0.000298,-0.012807
535,-0.000516,-0.01397
536,-0.000308,-0.014136
537,-0.000935,-0.016165
538,-0.001255,-0.017338
539,-0.001438,-0.018491
540,-0.001705,-0.019479
541,4.4e-05,-3e-06
542,0.000897,-0.001374
543,0.000651,-0.002453
544,0.000444,-0.003612
545,0.000231,-0.004673
546,0.000125,-0.005481
547,-0.00016,-0.006963
548,-0.000326,-0.008127
549,-0.000589,-0.009238
550,-0.000809,-0.01041
551,-0.001112,-0.011442
552,-0.001357,-0.012615
553,-0.001587,-0.013754
554,-0.001369,-0.01395
555,-0.002042,-0.015916
556,-0.002277,-0.017122
557,-0.002545,-0.018239
558,-0.002114,-0.018183
559,0.000278,0.000278
560,-0.000172,-0.001089
561,-0.000363,-0.002219
562,-0.000559,-0.003344
563,-0.000791,-0.004458
564,-0.000933,-0.005294
565,-0.0012,-0.006701
566,-0.001344,-0.007865
567,-0.001494,-0.008469
568,-0.00183,-0.010185
569,-0.002076,-0.011273
570,-0.002393,-0.012399
571,-0.002626,-0.013507
572,-0.002428,-0.013764
573,-0.003047,-0.015643
574,-0.00327,-0.016793
575,-0.002986,-0.016939
576,-0.003172,-0.017997
577,-0.004333,0.001078
578,-0.004501,-6e-06
579,-0.004673,-0.001094
580,-0.004896,-0.002245
581,-0.005116,-0.003326
582,-0.005338,-0.004545
583,-0.005529,-0.005669
584,-0.005661,-0.006644
585,-0.005905,-0.007866
586,-0.006161,-0.009019
587,-0.00643,-0.010214
588,-0.006672,-0.011289
589,-0.006961,-0.012557
590,-0.006781,-0.012994
591,-0.007409,-0.014661
592,-0.007661,-0.015736
593,-0.007844,-0.016864
594,-0.00797,-0.017944
595,-0.005411,0.000956
596,-0.00653,0.00041
597,-0.006764,-0.000648
598,-0.006931,-0.00178
599,-0.007114,-0.002907
600,-0.007328,-0.004081
601,-0.007524,-0.005223
602,-0.006719,-0.006456
603,-0.00792,-0.007495
604,-0.00817,-0.00867
605,-0.008417,-0.009821
606,-0.008696,-0.010907
607,-0.008944,-0.012094
608,-0.007839,-0.012808
609,-0.00943,-0.014271
610,-0.009643,-0.015395
611,-0.009742,-0.016558
612,-0.009959,-0.017637
613,-0.006469,0.001142
614,-0.006888,0.000487
615,-0.007036,-0.000598
616,-0.007135,-0.001752
617,-0.007456,-0.002828
618,-0.007633,-0.004001
619,-0.007791,-0.005144
620,-0.007778,-0.006269
621,-0.008129,-0.007454
622,-0.008458,-0.008619
623,-0.008724,-0.009754
624,-0.009028,-0.010835
625,-0.009149,-0.012059
626,-0.008897,-0.012622
627,-0.010005,-0.014188
628,-0.00988,-0.015351
629,-0.009458,-0.015797
630,-0.010446,-0.017505
631,-0.007531,0.001328
632,-0.007832,0.000693
633,-0.008058,-0.000433
634,-0.008327,-0.001493
635,-0.008466,-0.002624
636,-0.008772,-0.003792
637,-0.008902,-0.004919
638,-0.008836,-0.006083
639,-0.009338,-0.007212
640,-0.009606,-0.008395
641,-0.009885,-0.009486
642,-0.010028,-0.010611
643,-0.010244,-0.011853
644,-0.009956,-0.012436
645,-0.011035,-0.013979
646,-0.010803,-0.015146
647,-0.010517,-0.015611
648,-0.011247,-0.01734
649,-0.008589,0.001514
650,-0.008655,0.000876
651,-0.008877,-0.00025
652,-0.009094,-0.001368
653,-0.009308,-0.002477
654,-0.009508,-0.003621
655,-0.009682,-0.004715
656,-0.009894,-0.005897
657,-0.010139,-0.007075
658,-0.010453,-0.008256
659,-0.01062,-0.009394
660,-0.01091,-0.010481
661,-0.011111,-0.011656
662,-0.011014,-0.012247
663,-0.011563,-0.013861
664,-0.011801,-0.014917
665,-0.011575,-0.015425
666,-0.012115,-0.017125
667,-0.009647,0.0017
668,-0.009833,0.000642
669,-0.010986,0.000176
670,-0.011204,-0.000881
671,-0.01138,-0.001978
672,-0.011522,-0.003175
673,-0.011745,-0.004323
674,-0.010953,-0.005711
675,-0.012286,-0.006655
676,-0.012497,-0.007785
677,-0.012721,-0.008941
678,-0.012881,-0.010001
679,-0.013136,-0.011222
680,-0.012072,-0.012061
681,-0.013535,-0.013426
682,-0.013736,-0.01447
683,-0.014039,-0.015268
684,-0.012819,-0.016297
685,-0.010706,0.001889
686,-0.010892,0.000828
687,-0.011078,-0.000231
688,-0.011362,-0.000848
689,-0.011547,-0.001939
690,-0.011841,-0.003105
691,-0.01192,-0.004287
692,-0.012011,-0.005522
693,-0.012478,-0.006594
694,-0.012675,-0.007745
695,-0.012912,-0.008871
696,-0.013019,-0.009952
697,-0.013432,-0.011143
698,-0.013133,-0.011875
699,-0.014019,-0.013382
700,-0.013869,-0.014474
701,-0.013692,-0.01505
702,-0.013878,-0.016111
703,-0.011764,0.002075
704,-0.01195,0.001017
705,-0.012136,-4.2e-05
706,-0.012377,-0.00065
707,-0.012695,-0.001676
708,-0.012914,-0.002844
709,-0.013122,-0.004075
710,-0.013069,-0.005336
711,-0.013539,-0.006345
712,-0.013765,-0.007507
713,-0.013855,-0.008607
714,-0.013817,-0.009572
715,-0.014324,-0.010911
716,-0.014192,-0.011689
717,-0.014845,-0.013244
718,-0.014915,-0.014255
719,-0.01475,-0.014864
720,-0.014936,-0.015922
721,-0.012822,0.002261
722,-0.013008,0.001203
723,-0.013197,0.000144
724,-0.01352,-0.000408
725,-0.013683,-0.001513
726,-0.014003,-0.002651
727,-0.014042,-0.003833
728,-0.014131,-0.00515
729,-0.01457,-0.006143
730,-0.014879,-0.007225
731,-0.015021,-0.008312
732,-0.015035,-0.00954
733,-0.015305,-0.010703
734,-0.01525,-0.011503
735,-0.015626,-0.013085
736,-0.016169,-0.014004
737,-0.015808,-0.014678
738,-0.015997,-0.015736
739,-0.013881,0.002447
740,-0.014067,0.001389
741,-0.01414,0.000759
742,-0.014268,-0.000177
743,-0.014496,-0.00136
744,-0.014811,-0.00253
745,-0.015002,-0.003637
746,-0.015189,-0.004964
747,-0.015378,-0.005985
748,-0.015575,-0.007056
749,-0.015819,-0.008177
750,-0.016036,-0.009343
751,-0.016201,-0.010471
752,-0.016308,-0.011314
753,-0.016682,-0.012861
754,-0.016882,-0.013866
755,-0.017013,-0.014956
756,-0.017056,-0.01555
757,-0.015612,0.003636
758,-0.015128,0.001575
759,-0.015314,0.000517
760,-0.016338,0.000211
761,-0.016528,-0.000901
762,-0.016773,-0.002037
763,-0.017028,-0.003142
764,-0.016247,-0.004775
765,-0.017342,-0.005539
766,-0.017592,-0.006667
767,-0.017815,-0.007737
768,-0.018031,-0.008871
769,-0.018253,-0.009992
770,-0.017367,-0.011128
771,-0.018663,-0.012429
772,-0.018925,-0.013413
773,-0.0191,-0.014543
774,-0.018114,-0.015364
775,-0.015997,0.002822
776,-0.016186,0.001761
777,-0.016372,0.000703
778,-0.016558,-0.000356
779,-0.016744,-0.001414
780,-0.017033,-0.00201
781,-0.017318,-0.00309
782,-0.017306,-0.004589
783,-0.017695,-0.005458
784,-0.017799,-0.006619
785,-0.018094,-0.00769
786,-0.018475,-0.008769
787,-0.018548,-0.00995
788,-0.018425,-0.010942
789,-0.019052,-0.012346
790,-0.018999,-0.013401
791,-0.019107,-0.014544
792,-0.019172,-0.015175
793,-0.017058,0.003008
794,-0.017244,0.00195
795,-0.017148,0.001486
796,-0.017617,-0.000169
797,-0.017803,-0.001228
798,-0.017992,-0.002286
799,-0.018123,-0.00293
800,-0.018364,-0.004403
801,-0.018654,-0.005242
802,-0.018783,-0.006453
803,-0.019041,-0.007533
804,-0.019276,-0.00861
805,-0.019611,-0.009747
806,-0.019483,-0.010756
807,-0.020049,-0.012133
808,-0.020904,-0.013093
809,-0.020044,-0.013931
810,-0.020231,-0.014989
811,-0.018117,0.003194
812,-0.018303,0.002136
813,-0.018489,0.001078
814,-0.018675,1.9e-05
815,-0.018864,-0.001042
816,-0.018853,-0.001633
817,-0.019236,-0.003158
818,-0.019422,-0.004217
819,-0.019594,-0.00503
820,-0.019899,-0.006244
821,-0.020051,-0.007327
822,-0.020286,-0.008443
823,-0.0205,-0.009533
824,-0.020542,-0.010569
825,-0.020854,-0.011955
826,-0.021091,-0.013035
827,-0.021103,-0.013744
828,-0.021289,-0.014803
829,-0.019175,0.003381
830,-0.019361,0.002322
831,-0.019547,0.001264
832,-0.019517,0.000891
833,-0.019764,-0.000208
834,-0.020884,-0.001156
835,-0.020294,-0.002972
836,-0.020481,-0.004031
837,-0.020652,-0.004799
838,-0.020852,-0.006001
839,-0.021068,-0.00707
840,-0.021344,-0.008173
841,-0.021465,-0.009324
842,-0.0216,-0.010381
843,-0.021962,-0.011603
844,-0.022274,-0.012736
845,-0.022161,-0.013558
846,-0.022347,-0.014617
847,-0.019863,0.004543
848,-0.020419,0.002508
849,-0.020606,0.00145
850,-0.020477,0.001094
851,-0.020691,0.0
852,-0.020898,-0.001133
853,-0.021353,-0.002783
854,-0.021539,-0.003842
855,-0.021728,-0.004903
856,-0.021784,-0.005765
857,-0.0221,-0.007019
858,-0.022286,-0.008078
859,-0.022414,-0.009109
860,-0.022661,-0.010194
861,-0.022847,-0.011253
862,-0.023033,-0.012311
863,-0.023275,-0.01364
864,-0.023406,-0.014431
865,-0.0244,0.005656
866,-0.024747,0.00464
867,-0.024901,0.003426
868,-0.025068,0.002255
869,-0.025311,0.001113
870,-0.025539,-3.8e-05
871,-0.025711,-0.001154
872,-0.026203,-0.002226
873,-0.026001,-0.003463
874,-0.026329,-0.004623
875,-0.026415,-0.005776
876,-0.026657,-0.006862
877,-0.026907,-0.007971
878,-0.027583,-0.009034
879,-0.027191,-0.010252
880,-0.027665,-0.011226
881,-0.027978,-0.0125
882,-0.027761,-0.013661
883,-0.025432,0.005871
884,-0.025557,0.004783
885,-0.025754,0.003576
886,-0.026144,0.00245
887,-0.026177,0.001264
888,-0.026425,0.000141
889,-0.026488,-0.000988
890,-0.027323,-0.001964
891,-0.027033,-0.003238
892,-0.027265,-0.004433
893,-0.027519,-0.005563
894,-0.027694,-0.006638
895,-0.027874,-0.007771
896,-0.028037,-0.008943
897,-0.028258,-0.010039
898,-0.028571,-0.01104
899,-0.02888,-0.01228
900,-0.028819,-0.013475
901,-0.026277,0.006022
902,-0.026553,0.004935
903,-0.02673,0.003731
904,-0.02685,0.002582
905,-0.027072,0.001427
906,-0.027215,0.000324
907,-0.027464,-0.000813
908,-0.028011,-0.002703
909,-0.027919,-0.003022
910,-0.028149,-0.00423
911,-0.028405,-0.005367
912,-0.028569,-0.006458
913,-0.028899,-0.007544
914,-0.029101,-0.008717
915,-0.029333,-0.009786
916,-0.029336,-0.010918
917,-0.029931,-0.012017
918,-0.029878,-0.013289
919,-0.027475,0.00623
920,-0.02757,0.005124
921,-0.02772,0.003913
922,-0.027947,0.002766
923,-0.028124,0.001662
924,-0.028312,0.000552
925,-0.028497,-0.000614
926,-0.029069,-0.002517
927,-0.02896,-0.002809
928,-0.029216,-0.003983
929,-0.029461,-0.005117
930,-0.02968,-0.006245
931,-0.029837,-0.007362
932,-0.030137,-0.008504
933,-0.030449,-0.009568
934,-0.030666,-0.010674
935,-0.031253,-0.011812
936,-0.030936,-0.013103
937,-0.028469,0.00641
938,-0.028616,0.00535
939,-0.028801,0.004152
940,-0.02893,0.002964
941,-0.029124,0.001886
942,-0.029402,0.000789
943,-0.029587,-0.000403
944,-0.030394,-0.001553
945,-0.030005,-0.002613
946,-0.030244,-0.003802
947,-0.030459,-0.00491
948,-0.030857,-0.006025
949,-0.030995,-0.007124
950,-0.031248,-0.008308
951,-0.03123,-0.009441
952,-0.031936,-0.010462
953,-0.031613,-0.011786
954,-0.031994,-0.012917
955,-0.029514,0.006608
956,-0.029711,0.005555
957,-0.029911,0.004407
958,-0.030181,0.003263
959,-0.030259,0.002093
960,-0.030391,0.000979
961,-0.030608,-0.000189
962,-0.031308,-0.001454
963,-0.031042,-0.00243
964,-0.031284,-0.003616
965,-0.031463,-0.004687
966,-0.031797,-0.005866
967,-0.032046,-0.006919
968,-0.03232,-0.008094
969,-0.03247,-0.009255
970,-0.032791,-0.010299
971,-0.032867,-0.011669
972,-0.033053,-0.012728
973,-0.030586,0.006796
974,-0.030666,0.005749
975,-0.030851,0.004576
976,-0.031148,0.003456
977,-0.031244,0.002316
978,-0.031575,0.001226
979,-0.031596,-8e-06
980,-0.032236,-0.00122
981,-0.032106,-0.002201
982,-0.032313,-0.003437
983,-0.032643,-0.004492
984,-0.03275,-0.005713
985,-0.033082,-0.006726
986,-0.033169,-0.007917
987,-0.033665,-0.008999
988,-0.033486,-0.010171
989,-0.033925,-0.011483
990,-0.034111,-0.012542
991,-0.031587,0.006965
992,-0.031746,0.005979
993,-0.031926,0.004781
994,-0.032098,0.003628
995,-0.032413,0.00255
996,-0.03251,0.001386
997,-0.03284,0.000239
998,-0.033303,-0.001769
999,-0.033081,-0.002007
1000,-0.033347,-0.003254
1001,-0.033577,-0.004324
1002,-0.03373,-0.005503
1003,-0.033915,-0.006563
1004,-0.034304,-0.007707
1005,-0.034446,-0.008829
1006,-0.034692,-0.009935
1007,-0.034983,-0.011297
1008,-0.035169,-0.012356
1009,-0.032617,0.007198
1010,-0.032763,0.006153
1011,-0.033002,0.005044
1012,-0.033099,0.003848
1013,-0.033299,0.002707
1014,-0.03355,0.00161
1015,-0.033708,0.00044
1016,-0.034364,-0.001583
1017,-0.034134,-0.001807
1018,-0.034359,-0.003085
1019,-0.034561,-0.004171
1020,-0.034735,-0.005293
1021,-0.034964,-0.006396
1022,-0.035342,-0.007506
1023,-0.035458,-0.008607
1024,-0.035693,-0.009725
1025,-0.036042,-0.011111
1026,-0.036231,-0.012169
1027,-0.033648,0.007456
1028,-0.033814,0.006359
1029,-0.034041,0.00528
1030,-0.034139,0.004124
1031,-0.034387,0.002948
1032,-0.034575,0.001798
1033,-0.034851,0.000668
1034,-0.035404,-0.000668
1035,-0.035172,-0.00161
1036,-0.035454,-0.002877
1037,-0.035628,-0.003986
1038,-0.03583,-0.005085
1039,-0.036269,-0.006154
1040,-0.036186,-0.007331
1041,-0.036408,-0.00846
1042,-0.036565,-0.009525
1043,-0.0371,-0.010922
1044,-0.037289,-0.011983
1045,-0.03461,0.007695
1046,-0.034842,0.00657
1047,-0.03503,0.005425
1048,-0.035276,0.004374
1049,-0.035432,0.003143
1050,-0.035628,0.001988
1051,-0.035809,0.000873
1052,-0.036546,-0.000334
1053,-0.036286,-0.001378
1054,-0.036393,-0.002633
1055,-0.036664,-0.003812
1056,-0.036859,-0.004915
1057,-0.037029,-0.006003
1058,-0.03731,-0.007132
1059,-0.03755,-0.008266
1060,-0.037972,-0.009678
1061,-0.038161,-0.010736
1062,-0.038347,-0.011794
1063,-0.035581,0.007929
1064,-0.035811,0.006751
1065,-0.036067,0.005591
1066,-0.036316,0.004582
1067,-0.036429,0.003346
1068,-0.036635,0.00216
1069,-0.036831,0.001097
1070,-0.037605,3.9e-05
1071,-0.037263,-0.001214
1072,-0.037572,-0.002369
1073,-0.037812,-0.00357
1074,-0.037929,-0.004694
1075,-0.038092,-0.005781
1076,-0.038417,-0.006952
1077,-0.038586,-0.008049
1078,-0.039031,-0.009492
1079,-0.039219,-0.01055
1080,-0.039406,-0.011608
1081,-0.036691,0.008146
1082,-0.036968,0.006981
1083,-0.0371,0.005773
1084,-0.037245,0.004743
1085,-0.037472,0.003587
1086,-0.037667,0.002347
1087,-0.037824,0.001272
1088,-0.038524,0.000297
1089,-0.038172,-0.001042
1090,-0.038497,-0.002216
1091,-0.038739,-0.003381
1092,-0.038907,-0.004471
1093,-0.039101,-0.005589
1094,-0.039374,-0.006781
1095,-0.039425,-0.007903
1096,-0.040092,-0.009306
1097,-0.040278,-0.010364
1098,-0.040464,-0.011422
1099,-0.037899,0.008442
1100,-0.037869,0.007208
1101,-0.03806,0.005984
1102,-0.038255,0.00495
1103,-0.038446,0.003791
1104,-0.038711,0.002574
1105,-0.038859,0.001497
1106,-0.039485,0.000557
1107,-0.039349,-0.000803
1108,-0.039562,-0.002019
1109,-0.039808,-0.003125
1110,-0.040018,-0.004224
1111,-0.040296,-0.005383
1112,-0.040668,-0.006443
1113,-0.040964,-0.008058
1114,-0.04115,-0.009117
1115,-0.041336,-0.010178
1116,-0.041522,-0.011236
1117,-0.038697,0.008604
1118,-0.038992,0.007468
1119,-0.039074,0.006184
1120,-0.039257,0.005094
1121,-0.039456,0.003975
1122,-0.039653,0.002772
1123,-0.039909,0.001657
1124,-0.040741,0.000715
1125,-0.040457,-0.000595
1126,-0.040574,-0.001791
1127,-0.04081,-0.002918
1128,-0.041042,-0.00403
1129,-0.041162,-0.005232
1130,-0.041609,-0.006217
1131,-0.042022,-0.007872
1132,-0.042208,-0.008931
1133,-0.042394,-0.009989
1134,-0.042581,-0.01105
1135,-0.039649,0.008786
1136,-0.039873,0.007688
1137,-0.040055,0.00641
1138,-0.040239,0.0053
1139,-0.040457,0.004161
1140,-0.040675,0.002995
1141,-0.040887,0.001792
1142,-0.041096,0.000983
1143,-0.041332,-0.000341
1144,-0.041537,-0.001547
1145,-0.041749,-0.002706
1146,-0.04195,-0.003794
1147,-0.042158,-0.004995
1148,-0.042342,-0.006064
1149,-0.043081,-0.007686
1150,-0.043267,-0.008744
1151,-0.043453,-0.009803
1152,-0.043639,-0.010861
1153,0.020924,4.6e-05
1154,0.021001,0.001192
1155,0.021246,0.00246
1156,0.021538,0.003567
1157,0.02175,0.005042
1158,0.021884,0.005827
1159,0.022107,0.006841
1160,0.022306,0.007949
1161,0.022533,0.009061
1162,0.022723,0.01019
1163,0.022872,0.011394
1164,0.023058,0.012453
1165,0.02338,0.013464
1166,0.023664,0.014528
1167,0.023629,0.015718
1168,0.024025,0.016817
1169,0.024379,0.017934
1170,0.024178,0.018803
1171,0.021602,-0.000107
1172,0.021824,0.00105
1173,0.022044,0.002292
1174,0.022246,0.003367
1175,0.022811,0.004856
1176,0.022709,0.005649
1177,0.02281,0.006669
1178,0.023111,0.007768
1179,0.023363,0.008873
1180,0.023649,0.00999
1181,0.023931,0.011206
1182,0.024117,0.012267
1183,0.024267,0.013273
1184,0.024415,0.01439
1185,0.024705,0.015539
1186,0.025006,0.016596
1187,0.025181,0.017718
1188,0.025236,0.018617
1189,0.022783,-0.00032
1190,0.022951,0.00081
1191,0.023084,0.001978
1192,0.023247,0.00314
1193,0.023552,0.00419
1194,0.02364,0.005401
1195,0.023905,0.006448
1196,0.024174,0.007541
1197,0.024424,0.008612
1198,0.024588,0.009711
1199,0.024989,0.011019
1200,0.025075,0.011887
1201,0.025199,0.013052
1202,0.025478,0.014133
1203,0.025742,0.01525
1204,0.025914,0.016381
1205,0.026126,0.017478
1206,0.026294,0.018431
1207,0.023806,-0.000528
1208,0.023949,0.000531
1209,0.024149,0.001702
1210,0.024356,0.002867
1211,0.024507,0.004003
1212,0.024779,0.005175
1213,0.025018,0.006228
1214,0.025165,0.007333
1215,0.02549,0.00836
1216,0.025681,0.009458
1217,0.026047,0.010833
1218,0.026003,0.011645
1219,0.026252,0.012729
1220,0.026483,0.013851
1221,0.026718,0.015006
1222,0.02687,0.016153
1223,0.027192,0.017255
1224,0.027353,0.018244
1225,0.024827,-0.000886
1226,0.024999,0.000166
1227,0.02535,0.001395
1228,0.025458,0.002604
1229,0.025607,0.0037
1230,0.025791,0.004934
1231,0.026068,0.005963
1232,0.026232,0.007049
1233,0.026443,0.008077
1234,0.026919,0.009589
1235,0.027106,0.010647
1236,0.027018,0.011456
1237,0.027257,0.012521
1238,0.027481,0.013587
1239,0.027636,0.014756
1240,0.028059,0.015939
1241,0.028187,0.016993
1242,0.028414,0.018058
1243,0.025889,-0.001128
1244,0.026049,-0.0001
1245,0.026302,0.001129
1246,0.026456,0.002338
1247,0.026631,0.003464
1248,0.026839,0.004668
1249,0.027056,0.005743
1250,0.027248,0.006766
1251,0.027494,0.007816
1252,0.027978,0.009403
1253,0.028164,0.010461
1254,0.028092,0.011203
1255,0.028254,0.012291
1256,0.028561,0.01337
1257,0.028824,0.014493
1258,0.028982,0.015669
1259,0.029099,0.016728
1260,0.029472,0.017869
1261,0.026889,-0.001378
1262,0.026998,-0.000347
1263,0.027269,0.000873
1264,0.027471,0.002092
1265,0.027686,0.00322
1266,0.027856,0.004274
1267,0.028478,0.006039
1268,0.028297,0.006518
1269,0.028517,0.007586
1270,0.028664,0.00873
1271,0.029222,0.010272
1272,0.029056,0.011003
1273,0.029357,0.012104
1274,0.029555,0.013168
1275,0.02991,0.014183
1276,0.029989,0.015454
1277,0.03019,0.016493
1278,0.030531,0.017683
1279,0.027966,-0.001629
1280,0.028182,-0.0006
1281,0.028397,0.000644
1282,0.028512,0.001816
1283,0.028722,0.00297
1284,0.028831,0.003998
1285,0.029536,0.005853
1286,0.029273,0.006274
1287,0.029485,0.007315
1288,0.029714,0.008514
1289,0.030283,0.010086
1290,0.030119,0.010806
1291,0.030315,0.011867
1292,0.03068,0.01295
1293,0.030849,0.014062
1294,0.031081,0.01517
1295,0.03124,0.01628
1296,0.031589,0.017497
1297,0.029006,-0.001868
1298,0.029237,-0.000845
1299,0.029372,0.00039
1300,0.029516,0.001548
1301,0.029663,0.002603
1302,0.029881,0.003725
1303,0.030101,0.004938
1304,0.030312,0.006039
1305,0.03051,0.00711
1306,0.030741,0.008268
1307,0.031342,0.0099
1308,0.031121,0.01053
1309,0.031266,0.011685
1310,0.031657,0.012749
1311,0.031797,0.01387
1312,0.032096,0.014972
1313,0.032202,0.016044
1314,0.032647,0.017311
1315,0.029912,-0.002087
1316,0.030207,-0.001053
1317,0.030411,6.2e-05
1318,0.030536,0.001248
1319,0.030747,0.00231
1320,0.030918,0.003464
1321,0.031225,0.004578
1322,0.031281,0.005798
1323,0.031537,0.006847
1324,0.031757,0.007989
1325,0.0324,0.009714
1326,0.032058,0.010252
1327,0.032348,0.011431
1328,0.03256,0.012546
1329,0.032891,0.013613
1330,0.033192,0.014702
1331,0.034173,0.015515
1332,0.033706,0.017125
1333,0.030869,-0.002362
1334,0.031778,-0.000278
1335,0.031408,-0.000126
1336,0.03152,0.001018
1337,0.0317,0.002126
1338,0.031929,0.003236
1339,0.032144,0.004406
1340,0.032382,0.005594
1341,0.03255,0.006677
1342,0.032762,0.007801
1343,0.033458,0.009528
1344,0.034151,0.009761
1345,0.033494,0.011092
1346,0.033619,0.012312
1347,0.033893,0.013338
1348,0.034127,0.014455
1349,0.034341,0.015488
1350,0.034764,0.016936
1351,0.032016,-0.00264
1352,0.032836,-0.000189
1353,0.032549,-0.000424
1354,0.032594,0.00071
1355,0.032825,0.001798
1356,0.033039,0.002894
1357,0.033384,0.004132
1358,0.033546,0.005278
1359,0.033688,0.00642
1360,0.033916,0.007538
1361,0.034517,0.009339
1362,0.034144,0.009773
1363,0.034309,0.010848
1364,0.034739,0.011963
1365,0.034937,0.013043
1366,0.035098,0.01418
1367,0.035284,0.015292
1368,0.035822,0.01675
1369,0.033033,-0.002874
1370,0.032999,-0.001722
1371,0.03338,-0.000673
1372,0.033609,0.000407
1373,0.03383,0.001546
1374,0.034137,0.002664
1375,0.034246,0.003896
1376,0.034519,0.005034
1377,0.034718,0.006253
1378,0.034844,0.007358
1379,0.035575,0.009153
1380,0.036208,0.009247
1381,0.036351,0.010374
1382,0.035679,0.01175
1383,0.035904,0.012818
1384,0.036093,0.013961
1385,0.036694,0.015506
1386,0.036883,0.016564
1387,0.034086,-0.003069
1388,0.034653,-0.002125
1389,0.034296,-0.000867
1390,0.034659,0.00018
1391,0.034742,0.001313
1392,0.03504,0.002495
1393,0.035252,0.003689
1394,0.035523,0.004856
1395,0.035705,0.00596
1396,0.035913,0.007075
1397,0.036633,0.008967
1398,0.036221,0.009252
1399,0.036463,0.010344
1400,0.036866,0.011421
1401,0.036865,0.012618
1402,0.037083,0.013728
1403,0.037753,0.015319
1404,0.037942,0.016378
1405,0.035179,-0.003312
1406,0.035146,-0.00223
1407,0.035393,-0.001116
1408,0.035538,-2.8e-05
1409,0.035854,0.001049
1410,0.036014,0.0023
1411,0.0363,0.003437
1412,0.036491,0.004612
1413,0.036752,0.005693
1414,0.036927,0.006823
1415,0.037692,0.008781
1416,0.037529,0.008899
1417,0.037486,0.010091
1418,0.037721,0.011198
1419,0.037924,0.012255
1420,0.038184,0.013456
1421,0.038814,0.015133
1422,0.039,0.016192
1423,0.036883,-0.001994
1424,0.037072,-0.000933
1425,0.037258,0.000125
1426,0.037444,0.001183
1427,0.037631,0.002242
1428,0.037817,0.0033
1429,0.038006,0.004358
1430,0.038192,0.005417
1431,0.038378,0.006475
1432,0.038564,0.007533
1433,0.03875,0.008594
1434,0.038939,0.009653
1435,0.039125,0.010711
1436,0.039311,0.011769
1437,0.039497,0.012828
1438,0.039683,0.013886
1439,0.039872,0.014944
1440,0.040058,0.016003
1441,0.001077,0.004791
1442,0.001241,0.005894
1443,0.00148,0.007061
1444,0.001687,0.008294
1445,0.001867,0.009394
1446,0.002056,0.010358
1447,0.002402,0.01144
1448,0.002528,0.012568
1449,0.00274,0.013648
1450,0.002969,0.014677
1451,0.003293,0.015788
1452,0.003753,0.01687
1453,0.003909,0.017959
1454,0.004267,0.018996
1455,0.004107,0.020179
1456,0.004572,0.021345
1457,0.003758,0.021314
1458,0.003944,0.022372
1459,0.002148,0.004559
1460,0.002238,0.005704
1461,0.002491,0.00689
1462,0.002649,0.008016
1463,0.002815,0.009174
1464,0.003026,0.010189
1465,0.003231,0.011294
1466,0.003424,0.012335
1467,0.003652,0.01348
1468,0.003905,0.014493
1469,0.004191,0.015619
1470,0.004384,0.016756
1471,0.004671,0.017815
1472,0.004897,0.018868
1473,0.005322,0.019938
1474,0.005499,0.021172
1475,0.004817,0.021128
1476,0.005003,0.022186
1477,0.003144,0.004369
1478,0.004276,0.005257
1479,0.003492,0.006675
1480,0.003717,0.007796
1481,0.003897,0.008951
1482,0.004087,0.009959
1483,0.00431,0.011098
1484,0.00447,0.012159
1485,0.004719,0.013311
1486,0.004857,0.014295
1487,0.005166,0.015429
1488,0.005461,0.016543
1489,0.005664,0.017681
1490,0.005954,0.018717
1491,0.006336,0.019725
1492,0.006394,0.020957
1493,0.005875,0.020939
1494,0.006061,0.021997
1495,0.004171,0.004178
1496,0.00435,0.005245
1497,0.004555,0.006429
1498,0.00473,0.007506
1499,0.004948,0.008664
1500,0.005148,0.009769
1501,0.005385,0.010828
1502,0.005595,0.011865
1503,0.005825,0.013028
1504,0.006092,0.014041
1505,0.006323,0.015219
1506,0.006538,0.016319
1507,0.006805,0.017442
1508,0.007061,0.018477
1509,0.0073,0.01956
1510,0.007541,0.020707
1511,0.006933,0.020753
1512,0.007119,0.021811
1513,0.005244,0.003883
1514,0.005384,0.005022
1515,0.005569,0.006122
1516,0.005799,0.007254
1517,0.006009,0.008326
1518,0.006181,0.009501
1519,0.006444,0.01058
1520,0.006612,0.011659
1521,0.006906,0.012839
1522,0.007167,0.013867
1523,0.007384,0.014991
1524,0.007707,0.016051
1525,0.008016,0.017167
1526,0.008133,0.018263
1527,0.008213,0.019388
1528,0.008684,0.020427
1529,0.007992,0.020567
1530,0.008181,0.021625
1531,0.006276,0.003593
1532,0.006417,0.004776
1533,0.006563,0.005872
1534,0.006804,0.006979
1535,0.007008,0.008
1536,0.007244,0.009212
1537,0.007456,0.010352
1538,0.007638,0.011416
1539,0.007916,0.012595
1540,0.008161,0.013658
1541,0.008438,0.014776
1542,0.008664,0.015864
1543,0.00885,0.016955
1544,0.009101,0.018038
1545,0.009412,0.019153
1546,0.009785,0.020155
1547,0.009053,0.020381
1548,0.009239,0.021439
1549,0.007357,0.003375
1550,0.007453,0.00453
1551,0.007641,0.005622
1552,0.007854,0.006725
1553,0.008096,0.007764
1554,0.008319,0.008943
1555,0.008498,0.010098
1556,0.008694,0.011178
1557,0.008963,0.012341
1558,0.009177,0.013437
1559,0.009357,0.014556
1560,0.009667,0.015659
1561,0.009894,0.016735
1562,0.010086,0.017835
1563,0.010514,0.018881
1564,0.010594,0.019945
1565,0.010111,0.020194
1566,0.010297,0.021253
1567,0.008289,0.003165
1568,0.008568,0.004221
1569,0.008707,0.005394
1570,0.008932,0.006439
1571,0.009143,0.007534
1572,0.009344,0.008687
1573,0.009557,0.009873
1574,0.009709,0.01094
1575,0.01,0.012102
1576,0.010269,0.013209
1577,0.010513,0.014343
1578,0.010775,0.01542
1579,0.010892,0.016486
1580,0.011176,0.017524
1581,0.011495,0.018628
1582,0.011607,0.019661
1583,0.012758,0.020545
1584,0.011356,0.021064
1585,0.009383,0.002923
1586,0.009594,0.004004
1587,0.009804,0.005209
1588,0.010019,0.006247
1589,0.010174,0.007344
1590,0.010361,0.008491
1591,0.010524,0.009622
1592,0.010777,0.010735
1593,0.011062,0.011884
1594,0.011335,0.013007
1595,0.011501,0.014113
1596,0.011712,0.015149
1597,0.011906,0.016262
1598,0.012101,0.017275
1599,0.012335,0.018399
1600,0.012625,0.019459
1601,0.01276,0.020538
1602,0.012414,0.020878
1603,0.010329,0.002683
1604,0.010588,0.003806
1605,0.01086,0.004977
1606,0.011014,0.006052
1607,0.011224,0.007087
1608,0.011378,0.00828
1609,0.011677,0.009405
1610,0.01184,0.010601
1611,0.012041,0.011691
1612,0.012288,0.012764
1613,0.012507,0.013887
1614,0.012791,0.014899
1615,0.013006,0.015976
1616,0.013049,0.017105
1617,0.013375,0.018224
1618,0.013815,0.019181
1619,0.013286,0.019633
1620,0.013472,0.020692
1621,0.011423,0.002386
1622,0.011544,0.003567
1623,0.011812,0.004697
1624,0.012002,0.00585
1625,0.012255,0.006858
1626,0.012433,0.008036
1627,0.012682,0.009191
1628,0.012926,0.010303
1629,0.013159,0.011443
1630,0.013405,0.012451
1631,0.013564,0.013546
1632,0.013715,0.014643
1633,0.01409,0.015719
1634,0.014215,0.016796
1635,0.014469,0.017884
1636,0.014734,0.018978
1637,0.014344,0.019447
1638,0.014531,0.020506
1639,0.012417,0.002322
1640,0.012603,0.003381
1641,0.012902,0.004466
1642,0.013068,0.005631
1643,0.013266,0.006639
1644,0.013463,0.0078
1645,0.013747,0.008976
1646,0.013995,0.010052
1647,0.014199,0.011209
1648,0.014429,0.012237
1649,0.014667,0.013299
1650,0.014813,0.014376
1651,0.014955,0.015551
1652,0.015271,0.016573
1653,0.015719,0.017627
1654,0.01574,0.018836
1655,0.015403,0.019258
1656,0.015589,0.020319
1657,0.013475,0.002133
1658,0.013696,0.003078
1659,0.013902,0.00423
1660,0.01412,0.005381
1661,0.014357,0.006429
1662,0.014552,0.007551
1663,0.014755,0.008751
1664,0.015025,0.009835
1665,0.015241,0.010994
1666,0.015395,0.012
1667,0.015608,0.013006
1668,0.015823,0.014052
1669,0.016154,0.015262
1670,0.016351,0.016373
1671,0.016692,0.017438
1672,0.016911,0.0186
1673,0.01792,0.019479
1674,0.01665,0.020131
1675,0.0155,0.001485
1676,0.014666,0.002826
1677,0.014928,0.003952
1678,0.015156,0.005193
1679,0.015306,0.006268
1680,0.015595,0.007362
1681,0.015843,0.008617
1682,0.01602,0.00968
1683,0.016207,0.010747
1684,0.01642,0.011778
1685,0.016626,0.012801
1686,0.016807,0.013867
1687,0.017026,0.014999
1688,0.017359,0.016095
1689,0.017547,0.017257
1690,0.017936,0.018382
1691,0.017919,0.019483
1692,0.017708,0.019944
1693,0.015531,0.001487
1694,0.015702,0.002606
1695,0.015982,0.003721
1696,0.016217,0.004941
1697,0.016405,0.006083
1698,0.016684,0.007176
1699,0.01686,0.008305
1700,0.017069,0.009379
1701,0.017256,0.010464
1702,0.017436,0.011567
1703,0.017677,0.012565
1704,0.017862,0.01362
1705,0.018011,0.014781
1706,0.018249,0.015911
1707,0.018548,0.017067
1708,0.018822,0.018207
1709,0.019919,0.018994
1710,0.018767,0.019758
1711,0.016559,0.001217
1712,0.01675,0.002348
1713,0.017061,0.003512
1714,0.017306,0.004713
1715,0.017479,0.005852
1716,0.017695,0.006893
1717,0.017907,0.008037
1718,0.018059,0.009137
1719,0.018249,0.010196
1720,0.018457,0.011325
1721,0.018693,0.012377
1722,0.018924,0.013413
1723,0.0191,0.014507
1724,0.019297,0.015662
1725,0.019264,0.016394
1726,0.019787,0.017943
1727,0.019945,0.019007
1728,0.019825,0.019572
1729,-0.018598,0.008881
1730,-0.01834,0.00999
1731,-0.018108,0.011132
1732,-0.017815,0.012174
1733,-0.017579,0.013272
1734,-0.017473,0.014426
1735,-0.017231,0.015461
1736,-0.017095,0.016641
1737,-0.016884,0.017689
1738,-0.016634,0.018733
1739,-0.016374,0.019813
1740,-0.015991,0.020943
1741,-0.01575,0.022001
1742,-0.017036,0.021706
1743,-0.01597,0.024454
1744,-0.014866,0.025424
1745,-0.016475,0.024881
1746,-0.016289,0.025939
1747,-0.017856,0.008742
1748,-0.017444,0.009814
1749,-0.017346,0.011004
1750,-0.017136,0.012035
1751,-0.016999,0.013133
1752,-0.016692,0.014248
1753,-0.016489,0.015323
1754,-0.016212,0.016462
1755,-0.016112,0.017556
1756,-0.015855,0.018593
1757,-0.015596,0.019666
1758,-0.015543,0.02087
1759,-0.01521,0.021893
1760,-0.015978,0.021519
1761,-0.014633,0.024229
1762,-0.014293,0.025326
1763,-0.015417,0.024694
1764,-0.015231,0.025753
1765,-0.014807,0.008173
1766,-0.016452,0.009607
1767,-0.016262,0.01077
1768,-0.016232,0.011868
1769,-0.01586,0.012947
1770,-0.015719,0.01407
1771,-0.015538,0.015163
1772,-0.015279,0.016276
1773,-0.015137,0.01737
1774,-0.014924,0.018442
1775,-0.014672,0.019469
1776,-0.01436,0.020663
1777,-0.0141,0.021719
1778,-0.014917,0.021331
1779,-0.01351,0.024067
1780,-0.013694,0.025229
1781,-0.014358,0.024508
1782,-0.014172,0.025567
1783,-0.014795,0.008187
1784,-0.015462,0.009418
1785,-0.015242,0.010577
1786,-0.015071,0.011666
1787,-0.014899,0.012766
1788,-0.01459,0.013861
1789,-0.014116,0.014948
1790,-0.01417,0.016072
1791,-0.014006,0.017157
1792,-0.013832,0.018241
1793,-0.013592,0.019266
1794,-0.013297,0.020434
1795,-0.013106,0.021531
1796,-0.013858,0.021144
1797,-0.012479,0.02389
1798,-0.012449,0.024995
1799,-0.0133,0.024319
1800,-0.013114,0.025381
1801,-0.01468,0.008149
1802,-0.01441,0.00923
1803,-0.014202,0.010344
1804,-0.014053,0.011488
1805,-0.013798,0.012598
1806,-0.013574,0.013706
1807,-0.013276,0.01481
1808,-0.012945,0.015842
1809,-0.01293,0.016937
1810,-0.012784,0.018032
1811,-0.012421,0.019076
1812,-0.011893,0.020088
1813,-0.012043,0.021354
1814,-0.0128,0.020958
1815,-0.011806,0.023721
1816,-0.011195,0.024675
1817,-0.012242,0.024133
1818,-0.012053,0.025192
1819,-0.013591,0.007852
1820,-0.013211,0.008941
1821,-0.013019,0.010086
1822,-0.01312,0.011269
1823,-0.012691,0.012367
1824,-0.012438,0.01348
1825,-0.012124,0.014552
1826,-0.011893,0.015656
1827,-0.011748,0.016715
1828,-0.011404,0.017782
1829,-0.011197,0.018858
1830,-0.011109,0.019909
1831,-0.010626,0.021039
1832,-0.011742,0.020772
1833,-0.010408,0.023369
1834,-0.00995,0.024403
1835,-0.011181,0.023947
1836,-0.010994,0.025006
1837,-0.012587,0.007596
1838,-0.012366,0.00874
1839,-0.012086,0.009878
1840,-0.011017,0.010837
1841,-0.011667,0.012157
1842,-0.011421,0.013309
1843,-0.011227,0.014369
1844,-0.010937,0.015488
1845,-0.010606,0.016507
1846,-0.010625,0.017614
1847,-0.01046,0.018709
1848,-0.010167,0.019719
1849,-0.009859,0.020871
1850,-0.010683,0.020586
1851,-0.009072,0.023066
1852,-0.009468,0.02433
1853,-0.010122,0.023761
1854,-0.009936,0.024819
1855,-0.011541,0.007405
1856,-0.011394,0.008495
1857,-0.011044,0.009679
1858,-0.010879,0.010813
1859,-0.01061,0.011967
1860,-0.010344,0.01308
1861,-0.009996,0.014104
1862,-0.00996,0.015281
1863,-0.00978,0.016357
1864,-0.009571,0.017375
1865,-0.009374,0.018487
1866,-0.008957,0.019515
1867,-0.008723,0.02062
1868,-0.009625,0.020397
1869,-0.00815,0.02287
1870,-0.008074,0.024092
1871,-0.009064,0.023575
1872,-0.008878,0.024633
1873,-0.010489,0.007229
1874,-0.010806,0.007508
1875,-0.01002,0.009478
1876,-0.009781,0.010582
1877,-0.009617,0.011765
1878,-0.009357,0.012872
1879,-0.009189,0.013918
1880,-0.008855,0.015042
1881,-0.00875,0.016181
1882,-0.008541,0.017231
1883,-0.008366,0.018266
1884,-0.008083,0.019374
1885,-0.007847,0.020445
1886,-0.008567,0.020211
1887,-0.007622,0.022744
1888,-0.00717,0.023873
1889,-0.008006,0.023386
1890,-0.007819,0.024447
1891,-0.009572,0.007008
1892,-0.009747,0.007319
1893,-0.008793,0.009218
1894,-0.008759,0.010367
1895,-0.008559,0.01153
1896,-0.008399,0.012666
1897,-0.007991,0.013728
1898,-0.007886,0.014853
1899,-0.007531,0.015946
1900,-0.007364,0.017007
1901,-0.007188,0.01807
1902,-0.006948,0.019155
1903,-0.006455,0.020145
1904,-0.007508,0.020025
1905,-0.006343,0.022446
1906,-0.005809,0.02355
1907,-0.006947,0.0232
1908,-0.006761,0.024258
1909,-0.007496,0.006541
1910,-0.008041,0.00785
1911,-0.007942,0.009049
1912,-0.007666,0.01014
1913,-0.007451,0.011313
1914,-0.007267,0.012458
1915,-0.007142,0.01359
1916,-0.006831,0.014669
1917,-0.006606,0.015784
1918,-0.006431,0.016827
1919,-0.006184,0.017894
1920,-0.005813,0.01889
1921,-0.005713,0.020001
1922,-0.006447,0.019839
1923,-0.00545,0.022269
1924,-0.004962,0.023347
1925,-0.005889,0.023014
1926,-0.005703,0.024072
1927,-0.007354,0.006517
1928,-0.006998,0.007635
1929,-0.007444,0.008006
1930,-0.006662,0.009998
1931,-0.006387,0.011141
1932,-0.00619,0.012256
1933,-0.005935,0.013364
1934,-0.005782,0.014472
1935,-0.005402,0.015524
1936,-0.005232,0.016593
1937,-0.005167,0.017701
1938,-0.004923,0.018724
1939,-0.004779,0.019803
1940,-0.005389,0.01965
1941,-0.004055,0.02199
1942,-0.004322,0.023212
1943,-0.004831,0.022828
1944,-0.004644,0.023886
1945,-0.006274,0.006304
1946,-0.005957,0.007448
1947,-0.006383,0.007819
1948,-0.005532,0.009774
1949,-0.005333,0.010895
1950,-0.005132,0.012054
1951,-0.004915,0.013138
1952,-0.004685,0.014219
1953,-0.004487,0.015315
1954,-0.004259,0.016386
1955,-0.004123,0.017494
1956,-0.003892,0.018536
1957,-0.003738,0.019581
1958,-0.004331,0.019464
1959,-0.003359,0.021841
1960,-0.00317,0.022916
1961,-0.003772,0.022642
1962,-0.003583,0.0237
1963,-0.00524,0.006135
1964,-0.004986,0.007278
1965,-0.004896,0.008485
1966,-0.004569,0.009606
1967,-0.004406,0.010675
1968,-0.004212,0.011831
1969,-0.003951,0.012925
1970,-0.003772,0.014015
1971,-0.003634,0.015096
1972,-0.003336,0.016131
1973,-0.003169,0.017274
1974,-0.002952,0.018359
1975,-0.002754,0.019386
1976,-0.003272,0.019278
1977,-0.002422,0.021646
1978,-0.002198,0.02277
1979,-0.002714,0.022453
1980,-0.002525,0.023514
1981,-0.004118,0.005949
1982,-0.003926,0.007084
1983,-0.002796,0.008073
1984,-0.003614,0.009426
1985,-0.003337,0.010506
1986,-0.00314,0.011631
1987,-0.002917,0.012739
1988,-0.002762,0.013753
1989,-0.002147,0.014785
1990,-0.002356,0.015924
1991,-0.002157,0.017086
1992,-0.001969,0.018169
1993,-0.001791,0.019206
1994,-0.002214,0.019092
1995,-0.001366,0.021414
1996,-0.001197,0.022564
1997,-0.001653,0.022267
1998,-0.001467,0.023325
1999,-0.003201,0.005814
2000,-0.003035,0.006873
2001,-0.002769,0.008052
2002,-0.002548,0.009231
2003,-0.002389,0.010335
2004,-0.002182,0.01139
2005,-0.001953,0.012502
2006,-0.001714,0.013568
2007,-0.001526,0.014691
2008,-0.001369,0.015746
2009,-0.001181,0.016909
2010,-0.000983,0.017958
2011,-0.000795,0.019008
2012,-0.001156,0.018906
2013,-0.000969,0.019964
2014,-0.000191,0.022408
2015,-0.000594,0.022081
2016,-0.000408,0.023139
2017,-0.039694,0.011511
2018,-0.039508,0.012569
2019,-0.039322,0.013628
2020,-0.039136,0.014686
2021,-0.036575,0.017445
2022,-0.038761,0.016803
2023,-0.036766,0.019746
2024,-0.036566,0.020933
2025,-0.03651,0.022011
2026,-0.036261,0.023112
2027,-0.036221,0.024187
2028,-0.035896,0.025228
2029,-0.035664,0.026342
2030,-0.035137,0.027401
2031,-0.035222,0.028541
2032,-0.034453,0.029594
2033,-0.034062,0.030652
2034,-0.036522,0.029508
2035,-0.038636,0.011322
2036,-0.03845,0.012381
2037,-0.038264,0.013442
2038,-0.038078,0.0145
2039,-0.036461,0.017431
2040,-0.037703,0.016617
2041,-0.035765,0.019542
2042,-0.035595,0.020747
2043,-0.035423,0.021835
2044,-0.035233,0.022937
2045,-0.035147,0.024067
2046,-0.03495,0.025081
2047,-0.034504,0.026185
2048,-0.034322,0.0273
2049,-0.034006,0.028365
2050,-0.033941,0.029502
2051,-0.033296,0.030518
2052,-0.035464,0.029319
2053,-0.037578,0.011136
2054,-0.037392,0.012194
2055,-0.037206,0.013253
2056,-0.037017,0.014311
2057,-0.035051,0.017155
2058,-0.036644,0.016431
2059,-0.034898,0.019345
2060,-0.034784,0.020569
2061,-0.034643,0.021699
2062,-0.034303,0.022765
2063,-0.034201,0.023903
2064,-0.034049,0.024972
2065,-0.033816,0.026077
2066,-0.033304,0.027117
2067,-0.032886,0.028164
2068,-0.032622,0.029254
2069,-0.033006,0.030464
2070,-0.034406,0.029133
2071,-0.036519,0.01095
2072,-0.036333,0.012008
2073,-0.036147,0.013067
2074,-0.035958,0.014125
2075,-0.034298,0.016986
2076,-0.035586,0.016244
2077,-0.033929,0.01911
2078,-0.033698,0.020301
2079,-0.0335,0.021472
2080,-0.033311,0.022589
2081,-0.033134,0.023689
2082,-0.032953,0.024765
2083,-0.032563,0.025819
2084,-0.032278,0.026912
2085,-0.03189,0.027953
2086,-0.031899,0.029115
2087,-0.033533,0.027889
2088,-0.033344,0.028947
2089,-0.035461,0.010764
2090,-0.035275,0.011822
2091,-0.035086,0.012881
2092,-0.033343,0.015632
2093,-0.033276,0.016783
2094,-0.034528,0.016056
2095,-0.032738,0.018875
2096,-0.032515,0.020036
2097,-0.032434,0.021238
2098,-0.032174,0.022326
2099,-0.03201,0.023447
2100,-0.031673,0.024517
2101,-0.031557,0.025627
2102,-0.031299,0.026739
2103,-0.031248,0.027794
2104,-0.030741,0.028866
2105,-0.032475,0.027703
2106,-0.032286,0.028761
2107,-0.034403,0.010578
2108,-0.034214,0.011636
2109,-0.034028,0.012694
2110,-0.032274,0.015425
2111,-0.03203,0.016506
2112,-0.033469,0.015869
2113,-0.031678,0.018675
2114,-0.031479,0.019814
2115,-0.031428,0.021008
2116,-0.031259,0.022136
2117,-0.030989,0.023255
2118,-0.030817,0.024358
2119,-0.030612,0.025423
2120,-0.030332,0.026552
2121,-0.029986,0.027544
2122,-0.029592,0.028602
2123,-0.02889,0.029562
2124,-0.031228,0.028575
2125,-0.033344,0.010389
2126,-0.033156,0.011447
2127,-0.032969,0.012508
2128,-0.031392,0.01523
2129,-0.031081,0.016289
2130,-0.032411,0.015683
2131,-0.030801,0.018527
2132,-0.030554,0.019631
2133,-0.030325,0.020746
2134,-0.030174,0.021924
2135,-0.030117,0.023055
2136,-0.029879,0.024169
2137,-0.029628,0.025208
2138,-0.029321,0.026305
2139,-0.028861,0.027328
2140,-0.028877,0.028428
2141,-0.028735,0.029529
2142,-0.030169,0.028386
2143,-0.032283,0.010203
2144,-0.032097,0.011261
2145,-0.030875,0.013895
2146,-0.030111,0.014973
2147,-0.030097,0.016127
2148,-0.03135,0.015497
2149,-0.029724,0.018334
2150,-0.029581,0.019438
2151,-0.029389,0.020516
2152,-0.029257,0.021723
2153,-0.02909,0.022823
2154,-0.028719,0.023914
2155,-0.028411,0.02494
2156,-0.028121,0.026044
2157,-0.027886,0.027121
2158,-0.027504,0.028116
2159,-0.026859,0.02915
2160,-0.029111,0.0282
2161,-0.031225,0.010017
2162,-0.031039,0.011075
2163,-0.030853,0.012133
2164,-0.029399,0.014839
2165,-0.029229,0.015977
2166,-0.030292,0.015311
2167,-0.028813,0.018177
2168,-0.02859,0.019243
2169,-0.02834,0.020298
2170,-0.028214,0.021468
2171,-0.028033,0.022607
2172,-0.027801,0.023723
2173,-0.027542,0.024771
2174,-0.027129,0.025857
2175,-0.027085,0.026946
2176,-0.026747,0.027971
2177,-0.026314,0.029067
2178,-0.028053,0.028014
2179,-0.030167,0.009831
2180,-0.029981,0.010889
2181,-0.029794,0.011947
2182,-0.028294,0.014646
2183,-0.028105,0.015755
2184,-0.029233,0.015122
2185,-0.027831,0.017984
2186,-0.027659,0.019051
2187,-0.027432,0.020096
2188,-0.027206,0.021236
2189,-0.027083,0.022432
2190,-0.026823,0.023543
2191,-0.02637,0.024542
2192,-0.026447,0.025719
2193,-0.026084,0.02679
2194,-0.025532,0.027775
2195,-0.025034,0.028832
2196,-0.026994,0.027828
2197,-0.029108,0.009642
2198,-0.028922,0.010703
2199,-0.028736,0.011761
2200,-0.027431,0.014499
2201,-0.026973,0.015536
2202,-0.028175,0.014936
2203,-0.026644,0.017734
2204,-0.026515,0.018794
2205,-0.026361,0.019882
2206,-0.02617,0.021046
2207,-0.025982,0.022217
2208,-0.02587,0.023351
2209,-0.025544,0.024376
2210,-0.025219,0.025494
2211,-0.024843,0.026548
2212,-0.024579,0.027601
2213,-0.024794,0.028784
2214,-0.025936,0.027642
2215,-0.02805,0.009456
2216,-0.027864,0.010514
2217,-0.027678,0.011575
2218,-0.026211,0.014267
2219,-0.025892,0.015344
2220,-0.027117,0.01475
2221,-0.025429,0.017468
2222,-0.02523,0.018494
2223,-0.02511,0.019602
2224,-0.02502,0.020772
2225,-0.024739,0.021948
2226,-0.024499,0.023063
2227,-0.024229,0.024094
2228,-0.023987,0.025214
2229,-0.023928,0.026365
2230,-0.023861,0.02747
2231,-0.025064,0.026394
2232,-0.024878,0.027453
2233,-0.026992,0.009269
2234,-0.026806,0.010328
2235,-0.026617,0.011386
2236,-0.026431,0.012444
2237,-0.02521,0.015191
2238,-0.026058,0.014564
2239,-0.024598,0.017292
2240,-0.024331,0.018312
2241,-0.024174,0.019398
2242,-0.023879,0.020491
2243,-0.023726,0.021689
2244,-0.023658,0.02287
2245,-0.023447,0.023931
2246,-0.023126,0.025001
2247,-0.022708,0.02612
2248,-0.022652,0.027224
2249,-0.024006,0.026208
2250,-0.023817,0.027267
2251,-0.025933,0.009083
2252,-0.025747,0.010142
2253,-0.025558,0.0112
2254,-0.025372,0.012258
2255,-0.023899,0.014876
2256,-0.025,0.014375
2257,-0.023654,0.017109
2258,-0.023514,0.018171
2259,-0.023378,0.019217
2260,-0.023133,0.020325
2261,-0.022913,0.021507
2262,-0.02274,0.022684
2263,-0.022551,0.023765
2264,-0.022165,0.024816
2265,-0.021896,0.026001
2266,-0.021625,0.027074
2267,-0.022944,0.026022
2268,-0.022758,0.027081
2269,-0.024875,0.008897
2270,-0.024686,0.009956
2271,-0.0245,0.011014
2272,-0.024314,0.012072
2273,-0.023242,0.014715
2274,-0.023942,0.014189
2275,-0.022725,0.01693
2276,-0.022461,0.017991
2277,-0.022243,0.018997
2278,-0.022044,0.020147
2279,-0.021829,0.021271
2280,-0.021657,0.022399
2281,-0.021439,0.023533
2282,-0.020379,0.024494
2283,-0.021063,0.025863
2284,-0.020871,0.026917
2285,-0.021886,0.025836
2286,-0.0217,0.026894
2287,-0.023814,0.008708
2288,-0.023628,0.009769
2289,-0.023442,0.010828
2290,-0.023256,0.011886
2291,-0.023069,0.012944
2292,-0.022881,0.014003
2293,-0.021712,0.01673
2294,-0.021495,0.017819
2295,-0.021279,0.018812
2296,-0.021047,0.019892
2297,-0.021947,0.019297
2298,-0.020689,0.022179
2299,-0.020494,0.023332
2300,-0.020281,0.024455
2301,-0.021203,0.023531
2302,-0.021014,0.024589
2303,-0.020828,0.025647
2304,-0.020642,0.026708
