,location,country,latitude,longitude,altitude,min_altitude,max_altitude,timezone,training_start,training_end,training_years
algonquin,"Algonquin Provincial Park, Ontario",Canada,45.9555,-78.073,350,0,1000,America/Toronto,2020-01-02,2026-05-07,0.7
boolardy,"Boolardy, Western Australia",Australia,-26.697,116.631,395,250,500,Australia/Perth,2010-01-01,2026-05-23,15.1
chajnantor,"Llano de Chajnantor, Antofagasta",Chile,-23.006,-67.759,5000,4000,6000,America/Santiago,1953-10-22,2026-05-25,70.1
chiang_mai,"Chiang Mai, Thailand",Thailand,18.864,99.217,395,0,2000,Asia/Bangkok,2021-12-07,2026-05-25,3.1
dominion,"Kaleden, British Columbia",Canada,49.320751,-119.620811,545,0,1000,America/Vancouver,2020-01-14,2026-05-06,0.7
effelsberg,"Effelsberg, North Rhine-Westphalia",Germany,50.524,6.883,319,0,500,Europe/Berlin,2015-01-01,2026-05-25,10.1
green_bank,"Green Bank, West Virginia",USA,38.433,-79.84,807,500,1500,America/New_York,2000-01-01,2026-05-25,25.1
kitt_peak,"Kitt Peak, Arizona",USA,31.965,-111.599,2096,768,2016,America/Phoenix,2020-01-12,2026-05-25,1.2
mauna_kea,"Mauna Kea, Hawaii",USA,19.823,-155.475,4205,3500,4500,Pacific/Honolulu,2000-01-01,2026-05-25,25.1
meerkat,"Meerkat National Park, Northern Cape",South Africa,-30.713,21.443,1075,750,1250,Africa/Johannesburg,2010-01-01,2026-05-24,15.1
metsahovi,"Metsähovi, Kirkkonummi",Finland,60.218,24.394,90,0,250,Europe/Helsinki,2015-03-28,2026-05-25,7.1
minamimaki,"Minamimaki, Nagano",Japan,35.942,138.476,1350,1000,2500,Asia/Tokyo,2015-01-01,2026-04-26,10.1
mount_graham,"Mount Graham, Arizona",USA,32.702,-109.89,3178,2500,3500,America/Phoenix,2015-01-01,2026-05-25,10.1
narrabri,"Narrabri, New South Wales",Australia,-30.314,149.562,237,160,500,Australia/Sydney,2015-01-01,2026-05-23,10.1
ngari,"Gar County, Ngari Prefecture",Tibet,32.326,80.026,5176,4500,5500,Asia/Shanghai,2010-01-01,2026-05-25,15.0
owens_valley,"Owens Valley, California",USA,37.232,-118.295,1222,1000,3500,America/Los_Angeles,2010-01-01,2026-05-25,15.1
pic_de_bure,"Plateau de Bure, Haute-Alpes",France,44.634,5.908,2552,2000,2750,Europe/Paris,2015-01-01,2026-05-25,10.1
pico_veleta,"Pico Veleta, Granada",Spain,37.066,-3.393,2850,2500,3500,Europe/Madrid,2015-01-01,2026-05-24,10.1
princeton,"Princeton, New Jersey",USA,40.345,-74.651,58,0,250,America/New_York,2015-01-01,2026-05-25,10.1
qitai,"Qitai, Xinjiang",China,43.601,89.699,1780,1500,2000,Asia/Urumqi,2015-01-01,2026-05-24,10.1
san_agustin,"Plains of San Agustín, New Mexico",USA,34.079,-107.618,2124,2000,2500,America/Denver,2010-01-01,2026-05-25,15.1
san_antonio,San Antonio de los Cobres,Argentina,-24.192,-66.475,4820,3808,5344,America/Argentina/Jujuy,2020-01-01,2026-04-29,0.9
san_basilio,"San Basilio, Sardinia",Italy,39.493,9.245,600,500,1000,Europe/Rome,2010-01-01,2026-05-25,15.1
sierra_negra,"Sierra Negra, Puebla",Mexico,18.986,-97.314,4640,4000,5500,America/Mexico_City,2010-01-01,2026-05-25,15.1
south_pole,South Pole,Antarctica,-90.0,0.0,2835,2750,3000,Antarctica/South_Pole,1993-04-10,2026-04-26,28.0
summit_camp,"Summit Station, Greenland",Greenland,72.583,-38.455,3202,3100,3200,America/Nuuk,2002-03-18,2026-05-25,20.2
teide,"Mount Teide, Tenerife",Spain,28.301,-16.511,2390,2000,3750,Atlantic/Canary,2010-01-01,2026-05-25,15.1
thule,Thule Air Base,Greenland,76.535,-68.686,77,0,500,America/Thule,2020-08-14,2026-05-25,2.6
warkworth,"Warkworth, Auckland",New Zealand,-36.4332,174.6629,30,0,500,Pacific/Auckland,2020-01-06,2026-05-12,0.7
westford,"Westford, Massachusetts",USA,42.6233,-71.488,131,0,300,America/New_York,2015-01-01,2026-05-25,10.2
yebes,Yebes Observatory,Spain,40.5244464,-3.0884075,900,500,1000,Europe/Madrid,2020-01-05,2026-05-25,2.1
